MsgID,MsgBody,roberta_sentiment
'kyh1ir9',much order think go road trip month sure connect starlink roam car get answer inverter starlink,Neutral
'kyh2b0z',go last day deal,Neutral
'kyh30bd',sure try say us fiber gpon cost save passive split replace economic advantage pon mostly lose rural areas lot rural providers deploy active ethernet,Neutral
'kyh36dk',saw back yard last night tucson,Neutral
'kyh375z',yes starlink us unofficial,Neutral
'kyh3i95',ticket replace stuff year warranty fail worth try many complain customer service find helpful,Neutral
'kyh3ics',think venezuela potential official starlink availability,Neutral
'kyh3rzk',plan u go curious regular residential one priority one,Neutral
'kyh43vx',book thats take week new stuff arrive,Neutral
'kyh5q8x',mean gpon others cheap scale city full multifamily mid highrises,Neutral
'kyh63w9',context tweet first post video visualize undersea cable https internet network run submarine cable submarine line world total million km time distance earth moon https except starlink communicate via space lasers light travel faster vacuum fiber optics direct path rather follow outline continents starlink much faster time ocean cable important https majority starlinks connections still rely grind station communicate satellite relay signal satellite back earth mean full potential space laser communication system yet https lasers currently use satellite see user terminal grind station simultaneously ocean lasers future software upgrade evaluate whether lowest latency via immediately go grind station traverse first via laser video clip visualization starlink satellite orbit https starlink satellite network look like https space lasers operation,Neutral
'kyh68iq',modify several gen starlinks wasnt really want reverse engineer things sway far stock setup work ems healthcare agencies although direct dc option nice configuration isnt standard easy find online go inverter route gen happy result irk much bulk keep look huge power supply standard connector end ultimately buy project box cable glands cigarette lighter power cord dc upconverter pigtails power plug build dc power supply simply drop replacement starlink ac power supply simple build ill include items purchase youd like build one toggle switch https https project box https https cable glands kit https https power supply cord https https power pigtails https https dc voltage converter https https,Neutral
'kyh6vey',know right sit carpark look neighbor balconies like damn get pay haha good think business connection though unfortunately obstruct dishies wouldnt feel confident enough try lol maybe could get roof mount,Neutral
'kyh81ey',see like florida tourist season,Neutral
'kyh8a8j',cheap deploy us much red tape regulations easements hoas pole rent franchise agreements landlords want line pocket etc initial fios deployment cost verizon billions dollars deploy almost exclusively urban areas verizon want deploy fios early cities also want huge upfront payments community center swim pool etc thankfully practice mostly come end,Neutral
'kyh9fvi',go overcast,Neutral
'kyh9i9h',legally anyway,Neutral
'kyh9yl3',sure case even hours use heavy get anywhere maybe mbps mbps middle night get well mbps,Neutral
'kyhas8v',probably wont make much difference web browse like content people use cache fairly close via service like cloudflare akamai bigger players worldwide data center course might help game servers wrong continent though,Neutral
'kyhbqt0',mean obviously thats ill curious hopefully well outside watch eclipse cellular starlink mean emergency service unlikely need still,Neutral
'kyhcb4m',surveillance van,Neutral
'kyhcdp9',eclipse physically cause things load network increase due people communicate eclipse different earthquake natural disaster event concert load increase cell tower,Neutral
'kyhcjur',look hochatown ok tourist destination infratructure way behind,Neutral
'kyhdra6',ip address assignment geolocked region service service address groundstation location doesnt matter dictate ip address assign,Neutral
'kyhe9cj',control seem like broad categorization know expertise theyre specifically look position entail context work automation specifically container orchestration aws host try get gauge specific areas focus youll deal,Neutral
'kyheo0v',enough people network network become congest enough call go suggest area could recive visitors vast majority concentrationed along path totality population entire county,Neutral
'kyhf563',responsibilities design develop manage automation project include initial factory ideation machine creation proof rate capability also architect write debug plc code,Neutral
'kyhgvlm',dont options app check update isnt one,Neutral
'kyhjpv1',rate plan example priority plan show data gen along gen,Neutral
'kyhm5av',time license many countrys waste cell network decades,Neutral
'kyhmrrj',do use volt use boost g,Neutral
'kyhmugh',lot youll priority home roam service speed test close time home sl always beat roam service least prime time,Neutral
'kyhn8fo',documentation state starlink survivable network mean grind station go network continue work short period time time capable terminal terminal communications without grind station work international grind station curious science seem like robust constellation capability build cant find documentation,Neutral
'kyhnboi',gon na drive tomorrow vespera,Neutral
'kyhnc64',didnt think thank,Neutral
'kyhp0l5',mine skynet,Neutral
'kyhpu54',nothing,Neutral
'kyhpuqc',dont game wouldnt consider game priority power,Neutral
'kyhrpia',update,Neutral
'kyhsh2m',ping game ask friend,Neutral
'kyhsq4f',fall,Neutral
'kyhsqln',residential account five subscriptions dish subscription yes could add new subscription cancel subscription associate,Neutral
'kyhupar',seem days geolocked,Neutral
'kyhuxgm',hard wrap head around complex internal rout go essentially function giant mesh network mesh network isnt generally know low latency interest see work,Neutral
'kyhy8u0',flat high performance wedge dish dish standard model without motor position dish flat high performance one cable https,Neutral
'kyi019i',question set vpn sl router need secondary one set devices individually cant find router settings sl im business plan may,Neutral
'kyi0hs9',money make high frequency day traders stock exchange various commodity exchange latency everything incredibly huge amount money involve make millions dollars per day make milliseconds arbitrage get information faster talk get data exchange much get data specific exchange enough pay starlink correct ordinary home users wont notice much difference cache data servers may need nearly physically close people remote areas nearly similar network experience larger city,Neutral
'kyi10p9',pole,Neutral
'kyi131e',bite bullet get new one bestbuy yesterday look secondhand market people want far much unit,Neutral
'kyi1puy',mean agree build administrator give roof access mount one eventually two business dishys start resell service sure starlink tos allow resell business eventually income get proper fiber pull build sell higher speed,Neutral
'kyi22ww',take month,Neutral
'kyi3kwv',say ill see self,Neutral
'kyi4xhf',reboot every week monday,Neutral
'kyi6ka9',stargate,Neutral
'kyi6mb5',starlink part buy assemble manufacture new factory finish fully function,Neutral
'kyi77t3',know wonder reason dont show data standard service,Neutral
'kyi7od4',fail secure buy new one,Neutral
'kyi9kue',fine see people get replace free even fault might wait,Neutral
'kyi9pfb',clarification todd flat high performance wedge dish look way extend cable another least,Neutral
'kyiakh2',sure option cut patch cable unless access power along run could put power supply ethernet run,Neutral
'kyic5y3',three cell carriers say network hold well increase load deploy cow truck metropolitan areas many people expect starlink fair fine roam users slow ones service plan slow per starlink fair use policy mobile service plan assign unlimited amount data month customers mobile data design low demand portable use camp nomadic live mobile data assign mobile users always deprioritized compare starlink service plan result degrade service slower speed congest areas peak hours state speed uninterrupted use service guarantee highly dependent geographical areas,Neutral
'kyic9fv',mean much science per suggestion go sine wave inverter,Neutral
'kyicaid',residential mine ops,Neutral
'kyifel1',find easter egg sick apps need stories like,Neutral
'kyiipdh',restart,Neutral
'kyiiua6',service address restart,Neutral
'kyijzal',satellite propel ion thrusters thrusters fuel efficient load propellant onboard satellite good years low thrust every ounce thrust rather tiny fraction take lot electricity satellite launch together pack rocket like pileof dish need time drift aparat evenly fill entire orbit km miles long moreover get launch low orbit well operational one different reason launch lower orbit take less work rocket could carry single launch rocket carry lower orbit satellite doesnt work fall back atmosphere soon doesnt increase debris orbit satellite need avoid due complex reason long explain short reply satellite orbit different altitudes slowly drift technical term precess underneath operational orbit exactly include operational orbit precess lower ones precess faster several dozen orbit starlink group single launch often aim fill satellite hang around lower orbit wait precess underneath operational one aim raise hang around wait take fuel despite high efficiency engines less fuel use better effect spread along orbit wait precession proper orbital slot slowly rise operational altitude take month,Neutral
'kyik4pn',longtemps jai commander et jai eu aucun avec la douane mãªme si cest pas garanti pour tout le monde va faire ans quon la et valait absolument le coup est petit bourg linstallation de la fibre bien trop cher et avec starlink arrive ã avoir un de plus de niveau quelques mini coupures rarement mais rien de grave cest bien meilleur quorange sur tout les point,Neutral
'kyiklpy',le fibre de sfr dans la oã¹ et vivrai donc pour le moment car bcp ã,Neutral
'kyikwfd',im understand know appreciate start inverter solution simply didnt want mess create something minimal amount work perhaps others want build replacement power supply inverter option add bonus able charge devices far easier approach expense losses conversions bigger footprint,Neutral
'kyilh5f',base location thats starlink want point,Neutral
'kyim1t4',dish must,Neutral
'kyinjvj',dont know happen starlink devices suddenly account work email lock send many email customer support service solution device,Neutral
'kyino4c',still hard think connection fairly solid consider miles speed latency time,Neutral
'kyipvli',talk support change gen dish state reach us replace gen starlink kit current standard portability subscription gen kit since already pay subscription put new kit another note cable,Neutral
'kyis8ta',speed funnily enough trashtra midst use french company launch leo service australia,Neutral
'kyiuw8h',bogata tx,Neutral
'kyiuwjd',would bother launch solar wind damage serviceable option best wait assign dish new satellite,Neutral
'kyiy00d',recently talk guy work high frequency trade infrastructure one well know shop say already lower latency options fix wireless microwave shortwave starlink isnt go useful,Neutral
'kyiyx40',app say statistics second tab,Neutral
'kyiz3e7',sunday even live right middle path campgrounds completely full live right area big recreation im go think roughly different camo store starlink system hiccup,Neutral
'kyj19aq',status norway noe anyone use starlink norway especially trondheim north,Neutral
'kyj1r86',n cat,Neutral
'kyj44qh',use move around,Neutral
'kyj4749',residential plan,Neutral
'kyj4ir8',realize small satellite cell pretty large areas cell probably reliable fiber internet much congestion,Neutral
'kyj58fy',regular mobile cost equivalent live advantage,Neutral
'kyj6tn2',dishy change flatter im latitude,Neutral
'kyjawjq',gen get better speed latency gen,Neutral
'kyjbarj',gen user connect power source dishy currently mount barn best unobstructed view way power surge trip gfci starlink contact starlink case something end end reset gfci work great wednesday today get email ship notice send system read post read cable proprietary totally different plug question keep hang sell cant keep gen easy cable work around adapter get ethernet adapter utilize way plug already exist company call stargear sell aftermarket cable look starlink would length need option ditch move system closer house use pole run cable either direction one power source barn one house,Neutral
'kyjbh8c',try change service plan,Neutral
'kyje9pi',central,Neutral
'kyjf74e',actually around really connect cord tightly already pole kinda put outside slack around,Neutral
'kyjfl1v',buy starlink plan originally ship nc bring sint maarten ip always look like atlanta,Neutral
'kyjfryx',constantly speed higher obstructions,Neutral
'kyjg4ra',distance go nyc hong kong always faster starlink poster talk active,Neutral
'kyji9em',mate issue android,Neutral
'kyjiv80',really need know starlink routers bottom light plug even dish plug,Neutral
'kyjkemq',faster shortwave,Neutral
'kyjme45',might recommend bite slack cable especially two actuators,Neutral
'kyjmp0r',mind dming question also live delaware want ask things purchase thank advance,Neutral
'kyjn1l4',kind rear mount setup im try without roof rack,Neutral
'kyjpgho',availability map https show country estimate availability thats anyone know,Neutral
'kyjpkcb',ty,Neutral
'kyjqcd2',totally make sense work would think yeah read hear people call rheem helpful reps unfortunately gal behemoth super tiny closet think able rotate go try put wifi extender right front unit via extension cord see work stay tune,Neutral
'kyjqmth',id,Neutral
'kyjrily',try dice,Neutral
'kyjrpf6',name mine official use mobile rv setup people keep ask use every time camp,Neutral
'kyjs5f3',sorry saw cost associate im im self hoster person,Neutral
'kyjthvm',https passengers like alaska fly anywhere since roads state,Neutral
'kyju8hh',â,Neutral
'kyjvheu',lot stuff well things self host inherently require external resources like isp bond require outside service since essentially different connections data center combine one connection could check http open diy bond solution still need pay host data center nearly polish speedify otherwise without pay service get router simple failover load balance seamless bond,Neutral
'kyjww9c',mine everybody get chuckle find fit,Neutral
'kyjx7si',international trade talk name technology travel thousands miles bypass know roadblocks vacuum short wave ill tell starlink,Neutral
'kyjxkh2',exactly say end pay service simple failover failover drop lot packets likely switch,Neutral
'kyjy9s4',absolutely travel thousands miles speed light vacuum starlink slower base path length alone,Neutral
'kyjyf2p',kind wifi boaster also generation starlink,Neutral
'kyjyi2w',value add subscription include prime pay play,Neutral
'kyjyj4n',provider amazon prime,Neutral
'kyjyugo',embark installation take entire day install house mount way overhang highest point roof yesterday begin installation turn process get work customer support useless screen door submarine go climb back ft ladder make sure cord dish plug properly,Neutral
'kyk021h',sign globaltv need enter service provider internet provider shaw telus whatever,Neutral
'kyk05tg',starlink internet service tv service service provider theyre ask whatever tv source use get television channel like belltv shaw cable rogers ignite tv etc dont tv subscriptions like would subscribe one get survivor live show stack tv extra sub pay per month extra prime video im sure tv channel,Neutral
'kyk0egj',problem pay problem sign try sign globaltv stackedtv app request code get code sign service provider like telus shaw starlink list sign globaltv starlink,Neutral
'kyk0gx4',starlink isnt go useful hm thats necessarily true fix wireless microwave shortwave maybe others microwave chicago nyc example issue first take wide path around lake michigan second tses watch weather constantly see rain path link adverse weather event fall back spread line also microwave lot less bandwidth fiber link prioritize shortwave bandwidth ridiculously low challenge mention manage ton tower infrastructure fcc license etc firm definitely jump citadel impressive amount radio tower us europe also fact microwave link nyc london chicago tokyo china hahahaha kid youre either use shortwave incredibly low bandwidth youre rely fiber link shortwave faster yes variance specific link city city still super low bandwidth starlink play role firm need bandwidth shortwave provide firm dont capital require maintain bunch fcc license large radio tower etc yes also opinoins disclaimer,Neutral
'kyk0gzm',question globaltv starlink nothing gtv isp,Neutral
'kyk0mcp',lead indicate power router however router broadcast establish ssid prove work extent possible may poor electrical contact somewhere cable circuit open conductor poorly seat connector accumulation oxidation condensation corrosion connector pin cable might fine good electrical contact count quick check issue starlink app scroll select may need select first older app release select find label cable ping drop rate https continuous continuity test measure ping lose value higher may indicate bad cable damage conductors corrosion oxidation pin wiithout electrical contact fault either cable connector within dishy router indicate disconnect circuit ie open conductor somewhere circuit provide zero electrical contact cable ping drop rate read,Neutral
'kyk15s0',shouldnt need sign global app open prime app sign prime app launch stack within subscriptions stack tv include global tv content able find youre look,Neutral
'kyk1aoz',speed light satellite similar orbit delta speed doppler effect dish satellite grind terminal doppler effect give orbital altitude absolute minimum transmission delay dish grind terminal ms ms process time orbital routers grind station routers pure theoretical,Neutral
'kyk21ag',need data center bond point inherently need outside home place faster reliable internet connections bond usually data center could host bond point house subject speed outages substantially increase latency triple data usage,Neutral
'kyk26dm',dont know legit thats depiction holmann transfer orbit use launch vehicles mar elon confirm graphic starlink routers,Neutral
'kyk2agt',tv part stack tv dont need go survivor stack tv technically stack tv own corus own global,Neutral
'kyk2x5p',cant access apparently sign starlink us use canadian data get stack,Neutral
'kyk37hj',dollar general,Neutral
'kyk3f2l',work fast enough compensate annoy second drop think thing canada,Neutral
'kyk3lnf',disappoint prime cancel stack prim get good movies series find want look,Neutral
'kyk4z7z',ripoff ime experts little basic knowledge tech service order starlink directly setup idiotproof enough backend support thats free problems,Neutral
'kyk6ne2',beaver bend near break bow,Neutral
'kyk8cep',app update firmware push apr coincide update morning receive update middle night go wake couple days later get another firmware push mar background back,Neutral
'kyk9o0g',aside fee fee comment us operate fact base world laughable attempt make question starlink must get approval operate country operate like normal plenty countries operate simple full stop,Neutral
'kykamag',complaints,Neutral
'kykb1mp',screw dish buy extra mount equipment https https,Neutral
'kykbhx4',churn data little years use original hardware router recently upgrade deco,Neutral
'kykcjec',necessary read c starlink,Neutral
'kykdezl',plan constellation leo directly compete starlink kuiper,Neutral
'kykdmng',go bolt stump back yard cable run house,Neutral
'kykf9yz',would make expense set constellation musks ready go would make sense make nationalize provider reseller brand use starlink network,Neutral
'kykffpj',first take wide path around lake michigan seem fix wireless tall tower ought able get lake far even go around wouldnt far detour space back shortwave bandwidth ridiculously low yes theres essentially unlimited bandwidth milliseconds behind via fiber amount bandwidth need shortwave link carry really much time sensitive information example could simply send single integer index choose one option gigabyte array predictions send ahead time milliseconds ago also starlink isnt useful hft much less bandwidth fiber also higher latency shortwave narrow window medium bandwidth extreme distance medium latency need would actually fit starlink im sure anything really fit firm dont capital require maintain bunch fcc license large radio tower etc yeah maybe theres niche people cant afford radio infrastructure,Neutral
'kykh7ac',one reason think get extend warranty doubt anyone bestbuy could fix issue might able replace would wait weeks get replacement anyways,Neutral
'kykhkfb',gen never miss beat,Neutral
'kykhsrw',gen get faster every year,Neutral
'kykjc11',think way im go see ping oversea servers,Neutral
'kykk3vh',extend couplers outside,Neutral
'kykk5uh',original gen beta still go strong several harsh winter strong thunderstorms smoke wildfires ive clean surface terminal twice particular reason preventive maintenance,Neutral
'kykkefz',round dish party router,Neutral
'kyknpk9',aggregation theyd rather data come us base starlink,Neutral
'kyknpu4',leo service,Neutral
'kyko2h2',control people actually see see china russia etc allow users view content uncontrolled,Neutral
'kykq7yd',dishy home make ridgemount concrete slabs haul home make sled pulley system,Neutral
'kyks09l',season start june,Neutral
'kyksdav',gen single issue,Neutral
'kykserl',solid since sept,Neutral
'kyksvnt',https https seem work norway,Neutral
'kyktvka',run since early beta always use routers,Neutral
'kykychb',youre neck woods pm question far fairly quiet around,Neutral
'kykzuxn',star ghz death star ghz,Neutral
'kykzvy1',think overestimate much influence satellite internet launch active satellite starlink unable provide mbps everywhere us share market densely populate countries satellite internet would run capacity even lower market share exactly go influence single digit market share prediction ccp wont subsidize launch small constellation satellite similar oneweb continuous coverage use mostly military critical infrastructure backup government police etc mobility dont need residential satellite internet internally ccp want fiber internet everywhere utility pole setup china basically everywhere electricity available make happen pricey rollout long run years fiber cheaper satellite even rural areas dont need large satellite constellation internally,Neutral
'kyl0cj0',mine days ago due personal circumstances round dishy never drop beat whilst lovingly take wife put somewhere dry safe life changer,Neutral
'kyl2f74',complex send comment able read second later think youre put much stock add complexities network come starlink,Neutral
'kyl2kve',map work still buy try think issue,Neutral
'kyl2qth',however id give cable little slack,Neutral
'kyl4124',want pair bond two interfaces computer easy require two physical interfaces work locally computer find ancient router lacp juniper mx series instance would,Neutral
'kyl4ag6',datarates shortwave likely way low support need source long time amateur radio operator focus digital modes hf mf,Neutral
'kyl5aqd',use shortwave isolation though essentially unlimited bandwidth fiber milliseconds later shortwave doesnt need send much example could pick best predictions send advance fiber something like hardly need bandwidth,Neutral
'kyl63lv',part need available store bring back radioshack please,Neutral
'kyl67nz',mine service currently turn reason itll go back service backup wan need,Neutral
'kyl6exp',could call maybe,Neutral
'kyl6nkm',destinations advertise aaaa resource record dns actually listen address operate network gateways cope destinations sometimes find destinations advertise aaaa record one home knock generally track network operations contact via whois record address block domain let know,Neutral
'kyl6qg0',unit function like reliable sturdy,Neutral
'kyl6twq',use mine clock,Neutral
'kyl70sv',live road moderne people would call digital nomad say somewhere month month half place mostly whatever little european wilderness leave couldnt without starlink also solar power battery mean havent lose connection work,Neutral
'kyl92bn',go ahead cut cable ask starlink unit may shorter cable due power requirements output power supply losses longer cable compare specifications two units may cat braid foil shield foil shield twist pair specifcations also show cable https https,Neutral
'kyl950e',speedtest,Neutral
'kyl9trk',remove rental option residential connections uk business,Neutral
'kyl9vml',aus still thing accord advert,Neutral
'kylat26',queensland australia complaints,Neutral
'kylbfvc',work great new gen still box case gen fail,Neutral
'kyldehi',suspect become available political issue settle,Neutral
'kyldfcy',zealand since zero issue solid rock,Neutral
'kylfyof',get ta try,Neutral
'kylhmy5',starlink app adapter sell around usd kenya know markup,Neutral
'kylkdt8',think ios thing atm,Neutral
'kylknam',kenya use starlink dishy roof app say obstructions speed good around ghz like mbps measure http however latency always play fortnite middle east servers get starlink europe ping lower middle east middle east shoot ping switch isp ping lower like middle east please help,Neutral
'kylkztm',recent version starlink app ability selectively pause internet access device,Neutral
'kylm0pw',nachowifi,Neutral
'kylnt8b',never intend provide service everywhere intend provide mbps service areas serve fiber poorly serve cellular coverage succeed reduce far effectively rdop program enact purpose hijack fiber suppliers improve inner city suburban service gigabit ignore dsl wisp areas receive mb internet worldwide already capable give remote areas service affluent metropolitan areas come expect although never able get significant penetration congest areas unless cities us fiber suppliers incompetent greedy customers turn anything else reason ccp launch compete constellation pressure nations use exclusively filter content probably ai censor currently within border,Neutral
'kylntv6',rent mine cable break get new one send week pay cent sure luck work experience far edit also australia,Neutral
'kylo05u',beta tester original work fine snow melt solid reposition regularly slightly solid product,Neutral
'kylqzpl',reply forget cable change end buy gen best buy bite effort able add new unit account stop old one go see get apply recent payment new unit thank share,Neutral
'kylrf3o',somme positif non si je ne trompe pas leur politique officielle surtout de combler les zone sans fibre voir sans adsl pour vivant dans une grande ville avec admettons plein de clients starlink autour de lui ce serait un souci par contre si les voisins en campagne sur les quelques kms ne sont pas clients il ne devrait avoir aucun bridage au final ce que le sav semble dire ici si je lis bien,Neutral
'kyltez9',since apr single issue ever,Neutral
'kylww03',fix first unplug starlink router prevent check full length cable serious abrasions insulation damage crimp crush cut etc may sever conductor inspect connector receptacle bend break burn pin consider application quick spray electrical contact cleaner https side connection end cable eliminate oxidation buildup consider apply light coat dielectric grease https help protect connection future moisture condensation oxidation corrosion etc ensure connectors properly align securely reseat https finally certain secure cable structure within short distance connector slack length cable drip loop recommend provide strain relief connection also prevent act cable potentially cause excess tension unseat connector present temporarily remove starlink ethernet adapter hardware circuit may culprit perform factory reset cut power router time row reasonably quickly power router connect device starlink default ssid follow setup prompt app cable continuity test continue fail proactive investment spare part need continue troubleshoot ultimately pay swap first spare cable fail continuity test next spare router starlink mesh router good option fail continuity test finally full replacement kit send starlink spar available situation become totally reliant proper communication starlink support via submission ticket describe current symptoms troubleshoot step take bullet form hopefully engage bot obtain necessary replacement preempt delay starlink often require attachment upload follow digital photos face starlink dish cable connect mast dish cable connect base router include power lead router ac cable connect power source perhaps cable ping drop rate meter debug data,Neutral
'kylx78y',years weeks ago party router stop work sl router connect work without issue fix meantime im back vacation yet check,Neutral
'kylxurt',grind station give gps location satellite base satellite could decide allow grind station get connect internet,Neutral
'kylxwz9',device imiss number outbox damage pleas advise allâ serial number,Neutral
'kylys46',actually resell starlink incase youve loop https https,Neutral
'kylzaut',years tower problems far,Neutral
'kylzpkk',wonder buy gen kit,Neutral
'kym21zj',two address different countries fly move hardware around country setup different location could useful near future intend move back country,Neutral
'kym66aq',work,Neutral
'kym7lvy',starina bird cage mother barn barn watch horse really need game barn,Neutral
'kymbgba',aware oneweb venture ironic,Neutral
'kymbyta',date jan,Neutral
'kymc49a',birthday feb party router since day,Neutral
'kyme185',exist call microcenter,Neutral
'kyme29j',starlink traffic brazil go two pop brazil brazil filter traffic require starlink use laser link move traffic away need another constellation filter traffic apply countries point unable provide mbps everywhere us criticize starlink highlight tiny capacity satellite internet provide,Neutral
'kymel0z',many many case starlink supprt respond within hours ship complete replacement kit many us positive experience never hear,Neutral
'kymeo53',solid issue,Neutral
'kymhw4t',use microscope look cable end go dishy mush bend pin everything happen assume slight movement wind ect cause say heater cause anyhow hope dishy end good mess order new cable along new router case something get burn cant wait another shipment case damn cdn pesos,Neutral
'kymix62',consider since starlink quietly bump weather resistance rat https generation kickstand kit mean totally submerge one meter water long minutes potential damage significant improvement cable connector reliability weather condition perhaps buy followup starlink get back run sell starlink items recently sell ebay https limit search items,Neutral
'kymlosq',great minor hiccup release bad firmware recent issue party routers,Neutral
'kymlucs',must clear view sky get app find spot obstructions good spot starlink wilk work get up,Neutral
'kymmaz6',practically unlimited bandwidth fiber milliseconds later shortwave need send bite time critical information example could pick one gigabytes worth predictions send ahead time milliseconds prior,Neutral
'kymmkuk',rural reasonable terrestrial options internet starlink huge many us amaze gain access technology often viable choices pleasantly impress overall performance starlink dish coordinate phase array use small antennas create need track one small satellite move across sky kilometers per hour kilometres overhead nearly instantaneously switch next available satellite technology amaze uptime surprisingly reliable number daily report network statistics mainly occasional slight glitch signal swap satellite occasionally encounter obstacle generally noticeable typical internet usage however cause sufficient latency annoy competitive gamer snow rarely problem feature engage rain may cause short outage speed vary considerably valiantly track one low earth orbit satellite switch next general good stop bother constant speed test generally issue even noticeable latency generally well vastly superior internet click location webpage https select display download speed upload speed latency metrics indicate range percentile real user data plan peak local hours mean probability experience result peak period closer probability lower demand periods speed often percentile contract sign hard soft data cap throttle starlink reserve right curtail extremely excessive data usage customer support limit submission support ticket describe symptoms trouble support appear limit staff response ideal generally reasonably quick responsive often result replacement items send free charge investigate sufficiently clear view satellite paths load starlink app follow check obstructions tool within app determine reasonably location disappoint return hardware within days refund hardware price starlink term service also state timely return starlink kit also refund first service fee,Neutral
'kymmmd1',guess simple similar hole tree north carolina mountains starlink flag pole flagpole adapter starlink fit flagpole dish locate necessary satellite hole say could disturbance signal every minutes see hiccup signal performance three months use internet tv access dish lower flagpole grind,Neutral
'kymmpe6',thank need get complicate wire systems set case rip plug wall socket head,Neutral
'kymncuz',factory router seem limit range least place,Neutral
'kymqyzq',app work without purchase login,Neutral
'kymrsd2',obstruction test account order sl test,Neutral
'kymru28',sky scan buy mine,Neutral
'kymrxri',beta tester still rock go sad day need replace go get rest yard build internet quit soon,Neutral
'kymsykb',billionaire borrow even help think experiment free,Neutral
'kymyj8m',think bond do via vpn,Neutral
'kymz6kz',aws location office kenya joburg london zscaler awful think lagos close despite traffic kenya nigera rout via marsellie best often via london nairobi london via starlink would theory rtt rather currently get via fibre nairobi lagos rather sadly starlink symmetrical,Neutral
'kymzk5c',need send yes maybe bits stock ticker information low bandwidth doesnt matter,Neutral
'kymzvk9',far less complex nntp use,Neutral
'kyn14t0',sun play peekaboo south idabel ive get finger toe cross,Neutral
'kyn1urb',like post last month https want make version show huge disparity starlinks vs everything else data visuals https https full disclosure free tool amaze spacex also kind crazy unprepared lot people huge uptick satellite government add quickly find way add satellite number https lot tool still try get update cant load new data,Neutral
'kyn2b86',usually four ways obtain ip address static ip address dhcp address almost every router available purchase use dhcp default work give lease every certain range set either manufacturer user lease usually set hours default router dhcp server end lease period send arp request associate hardware address assign still device correspond respond arp request dhcp server router renew lease ip address configure otherwise otherwise device respond arp request lease expire grab new device join network devices also remember assign lease periods hence certain devices network ip computers ip address could reassign new device assign new,Neutral
'kyn2b86',usually four ways obtain ip address ê static ip address ê dhcp address ê almost every router available purchase use dhcp default work give lease every certain range set either manufacturer lease usually set hours default router dhcp server end lease period send arp request associate hardware address assign still device correspond respond arp request dhcp server router renew lease ip address configure otherwise device respond arp request lease expire grab new device join devices also remember assign lease periods hence certain devices network ip computers ip address could reassign new device assign new,Neutral
'kyn2cxr',need set static address lan sure starlink router capable basically every time router reboot dhcp pool reset devices boot request new address another option could try set ip address printer always get address,Neutral
'kyn4eeq',expand mean take everything remediate symptoms see go roll reboot cant get ip address devices orbi talk fix reboot starlink system well orbi use starlink router addition orbi,Neutral
'kyn5miv',gon na remove gear want connectivity,Neutral
'kyn6syh',markup pay rocket ship lol dont know really rip agree ethernet port include router like every network device world happen find one use online definitely buy cheaper im sure see price high though canada canadian dollars ship plus tax though like,Neutral
'kyn9vqx',enough make bigger exact concern originals much scale https https bite hard see,Neutral
'kyn9vqx',enough make bigger exact concern originals much scale https https bite hard edit space really big dot move around intersect fashion hard convey still picture crowd especially dot scale,Neutral
'kyna2vq',still wait well,Neutral
'kyna2vq',iõm still wait well,Neutral
'kynftn3',aware free money free money,Neutral
'kynftn3',aware free money free money,Neutral
'kyng592',would purchase country available account base country would use subscription use country,Neutral
'kynkkvf',post identify community need moderator review temporarily remove moderator review please dont panic message moderators immediately may take hours view post havent hear us within hours may message mods link thank understand bot action perform automatically please contact moderators subreddit question concern,Neutral
'kynklw6',countries confirm work unofficial starlink service https kit successfully activate plan nearby country starlink actively serve https set kit new country confirm work unofficial starlink service https continue enjoy mobile service maintain bill payments original country require valid local address officially serve country address deem valid acceptable method payment local currency actively serve county many workarounds https successful starlink mobile roam topic https state mobile service plan available land use within service require land use another continent continents map https,Neutral
'kynklw6',countries confirm work unofficial starlink service https ê kit successfully activate plan ôhome addressõ nearby country starlink actively serve https set kit new country confirm work unofficial starlink service https continue enjoy mobile service maintain bill payments original country ê require valid local address officially serve country address deem valid acceptable method payment local currency actively serve county ê many ôcreativeõ workarounds https starlink mobile roam topic https state òregional mobile service plan available land use within continentó ê service require land use another starlinksõ continents map https,Neutral
'kynlxj5',absolutely worth dont want add bulk inverter big starlink power supply https https vs https https,Neutral
'kyno3z8',find issue netgear orbi orbi nothing issue year look change gen starlink,Neutral
'kynoj55',asus product use,Neutral
'kynowd0',strip use without articulation,Neutral
'kynowd0',strip use without articulation ê edit research,Neutral
'kynp40r',attitude,Neutral
'kynqgxq',go factory reset back orbi set new detect old network name sometimes devices detect pick work others instead true factory reset,Neutral
'kynqgxq',go factory reset back orbi set new detect old network name sometimes devices detect pick work others wonõt instead true factory reset,Neutral
'kynrd2j',look asus ai exactly connections go right mind ask picture could show back starlink asus,Neutral
'kynrd2j',look asus ai exactly connections go right donõt mind ask picture could show back starlink asus,Neutral
'kynrgqs',bridge mode use starlink router asus router despite double nat,Neutral
'kyns5g6',model ai compatible family,Neutral
'kynwwhp',vpn service aws,Neutral
'kynxdrl',screeners see ive travel often weird electrical items im surprise infrequently ask look stuff usually screener make weird face get bag second later realize none dangerous send easily spot difference starlink,Neutral
'kynyg1h',need show world,Neutral
'kynyrdt',normal starlink mine low high consistently around,Neutral
'kynz06o',wish normal im constantly spike ms every minutes always rate prob always,Neutral
'kynzafx',last major electrical item ship airport ton ethernet cable massive network project old client security rip box apart check every last cable throw back send everything tangle mess box longer useable afterwards long time ago though maybe get better,Neutral
'kyo0o5x',try set exact method show seamless failovers already although part see loss minute window also hop lead false ban call,Neutral
'kyo0o5x',iõm try set exact method show seamless failovers iõm already although part see loss minute window also hop lead false ban call dutyé,Neutral
'kyo3bmv',turn touch go mins start totality cloud clear get watch minutes totality cloud move back pretty much stay cloudy amaze,Neutral
'kyo5qde',use four starlink connections business pretty much look like sure unhealthy appear normal starlink x years,Neutral
'kyo619n',wow ok thats likely due anything relate starlink id work netgear support nothing factory reset often,Neutral
'kyo6y2o',long long time use sort remote desktop software routinely manipulate data mysql rds instance access ssh tunnel instance responses query dont seem noticeable delay,Neutral
'kyoa0c7',nice write ip address assignment one correction dhcp lease renewal dhcp lease renew client remain lease renew lease expire device renew lease expiration dhcp servers dont poll devices see still alive however implementations windows dhcp server ping ip confirmation assign sure use,Neutral
'kyoa0c7',nice write ip address one correction dhcp lease dhcp lease renew client remain lease lease expire device renew lease dhcp servers dont poll devices see still alive ê however implementations windows dhcp server ping ip confirmation assign sure also uncommon dhcp client send arp request confirm ip use accept dhcp offer,Neutral
'kyoadfr',think bank massive amount satellite orbit longer need fine tune dish longer,Neutral
'kyoc9x7',practically unlimited bandwidth completely miss unreliability transmission capacity good enough perform task work effectively penny pinch brokerage firm may good enough competitors use starlink wipe tear make big move instead get arbitrage miss penny pinch brokerage firm also something ask none competitors go admit make sort investment harden grind station mere consumer mcdishy terminals starlink would legitimately consider trade secret assure happen regardless friend suggest need,Neutral
'kyocj3o',normal arent many starlink pop africa one nigeria zambia far hence higher latency starlink look open point presence mozambique see latency drop,Neutral
'kyod833',mini release,Neutral
'kyodb1k',rent spain bring router meter cable go satellite router power cable router satellite base flat surface want buy base adaptation tube brand starlink seem excessively expensive buy base clamp attach tube hook satellite aliexpress pretty good fortunately scar meter cable reach enough roof second floor window need drill wall place kind cap embellisher outer inner wall also aliexpress directly starlink go crazy sell remember correctly wifi arrive well everywhere room much comment second floor corner window live room obstructions second floor arrive enough firetv think buy second hand since seem rent separately seem absurd many people buy decide place rental option,Neutral
'kyodb1k',rent spain bring router meter cable go satellite router power cable router satellite base flat surface want buy base adaptation tube brand starlink seem excessively expensive û buy base clamp attach tube hook satellite aliexpress û pretty fortunately scar meter cable reach enough roof second floor window need drill wall place kind cap embellisher outer inner wall also aliexpress û directly starlink go crazy sell û remember wifi arrive well everywhere room much comment second floor corner window live room obstructions second floor arrive enough firetv think buy second hand since seem rent separately seem absurd many people buy decide place rental option,Neutral
'kyofb1r',high latency location infer laser link perhaps refer location https expect latency metrics metrics indicate range percentile real user data plan peak local hours example much africa starlink traffic rout via lagos nigeria starlink pop connect network,Neutral
'kyofb1r',high latency location infer laser ê perhaps refer location https expect latency metrics indicate range percentile real user data òstandardó plan peak local hours ê example much africa starlink traffic rout via lagos nigeria starlink pop connect network,Neutral
'kyofcsz',available,Neutral
'kyoghtp',island,Neutral
'kyohxin',op exactly situation except dsl week outages every month two year internet half time remove large tree around homr place dish atop section tree trunk leave stand next home im dense forest flawless service unless rain extremely hard,Neutral
'kyohxin',op exactly situation except week outages every month two year internet half remove large tree around homr place dish atop section tree trunk leave stand next home iõm im dense forest flawless service unless itõs rain extremely hard,Neutral
'kyoi4yb',ask obstruction map look like look like lot signal degradation light enough disrupt connection enough possibly slow increase response time move mine house meter high post driveway dig trench instal conduits since interruptions get one starlink network thankfully pretty rare,Neutral
'kyoi4yb',ask obstruction map look like look like lot signal degradation light enough disrupt connection enough possibly slow increase response move mine house meter high post driveway dig trench instal conduits òfunó since interruptions get one starlink network thankfully pretty rare,Neutral
'kyoj1x3',mini dish come,Neutral
'kyojo58',biggest issue starlink capture multiple business connections totally interest even though big slice suck get money without devalue consumer price,Neutral
'kyok0m5',monitor spacecraft health dont require license disclosure cfr b https instrument use primarily mission assurance technical purpose include limit navigation attitude control monitor spacecraft health separation events payload deployments traditional star trackers sun sensors horizon sensors shall subject part,Neutral
'kyok0m5',monitor spacecraft health dont require license disclosure cfr b https instrument use primarily mission assurance technical purpose include limit navigation attitude control monitor spacecraft health separation events payload deployments traditional star trackers sun sensors horizon sensors shall subject part,Neutral
'kyololj',everyone order today,Neutral
'kyopaks',update,Neutral
'kyopdln',could access cameras,Neutral
'kyopfan',sorta like point,Neutral
'kyos4tq',work log industry,Neutral
'kyozdtn',pop traffic join internet do grind station traffic dish satellite grind station pop internet,Neutral
'kyozfqe',like due party router issue starlink cause fix week ago get one update last week everything return back normal,Neutral
'kyp00xt',work,Neutral
'kyp0l08',hear im try move back east texas look isp besides hughesnet barf one downside area lack internet providers seem starlink readily available,Neutral
'kyp5aew',spare everything except dish,Neutral
