MsgID,MsgBody
'kyh1ir9',much order think go road trip month sure connect starlink roam car get answer inverter starlink
'kyh2b0z',go last day deal
'kyh30bd',sure try say us fiber gpon cost save passive split replace economic advantage pon mostly lose rural areas lot rural providers deploy active ethernet
'kyh36dk',saw back yard last night tucson
'kyh375z',yes starlink us unofficial
'kyh37cq',average download upload way better thwn download upload get cable internet yes live bfe kentucky
'kyh3i95',ticket replace stuff year warranty fail worth try many complain customer service find helpful
'kyh3ics',think venezuela potential official starlink availability
'kyh3rzk',plan u go curious regular residential one priority one
'kyh3zvl',do worth try hope get soon though go insane
'kyh43vx',book thats take week new stuff arrive
'kyh4o8z',poor comprehension skills clearly say second drop connection every hours even minutes always go unnoticed connection reestablish notice therefore create guise seamless flawless work connection even technically however past days get second drop connection every minutes mean everything get interrupt drop get disconnect game disconnect voice call etc whereas second connection drop get noticeable interference unless second still second drop dont get disconnect either game voice call go silent sound jumble moment reestablish noticeably happen every hours nothing complain clearly need water test since cant grasp fact perfectly work obstruct connection nearly one whole year past days neighbor stick dishy near mine like umbrella also cant seem grasp fact available option neighbour relocate dish anywhere per op clearly state wait landlord authorise roof mount please go obviously trigger try solve connection issue multiple hostile comment connection issue solve neighbor dishy bet suck hear huh
'kyh5q8x',mean gpon others cheap scale city full multifamily mid highrises
'kyh63w9',context tweet first post video visualize undersea cable https internet network run submarine cable submarine line world total million km time distance earth moon https except starlink communicate via space lasers light travel faster vacuum fiber optics direct path rather follow outline continents starlink much faster time ocean cable important https majority starlinks connections still rely grind station communicate satellite relay signal satellite back earth mean full potential space laser communication system yet https lasers currently use satellite see user terminal grind station simultaneously ocean lasers future software upgrade evaluate whether lowest latency via immediately go grind station traverse first via laser video clip visualization starlink satellite orbit https starlink satellite network look like https space lasers operation
'kyh68iq',modify several gen starlinks wasnt really want reverse engineer things sway far stock setup work ems healthcare agencies although direct dc option nice configuration isnt standard easy find online go inverter route gen happy result irk much bulk keep look huge power supply standard connector end ultimately buy project box cable glands cigarette lighter power cord dc upconverter pigtails power plug build dc power supply simply drop replacement starlink ac power supply simple build ill include items purchase youd like build one toggle switch https https project box https https cable glands kit https https power supply cord https https power pigtails https https dc voltage converter https https
'kyh6vey',know right sit carpark look neighbor balconies like damn get pay haha good think business connection though unfortunately obstruct dishies wouldnt feel confident enough try lol maybe could get roof mount
'kyh81ey',see like florida tourist season
'kyh8a8j',cheap deploy us much red tape regulations easements hoas pole rent franchise agreements landlords want line pocket etc initial fios deployment cost verizon billions dollars deploy almost exclusively urban areas verizon want deploy fios early cities also want huge upfront payments community center swim pool etc thankfully practice mostly come end
'kyh8z1q',forbid
'kyh9fvi',go overcast
'kyh9i9h',legally anyway
'kyh9yl3',sure case even hours use heavy get anywhere maybe mbps mbps middle night get well mbps
'kyhag24',doubt telstra go bankrupt anytime soon
'kyhahx7',like expensive
'kyhas8v',probably wont make much difference web browse like content people use cache fairly close via service like cloudflare akamai bigger players worldwide data center course might help game servers wrong continent though
'kyhaske',really appreciate suggestion much car go previous sine wave inverter
'kyhbqt0',mean obviously thats ill curious hopefully well outside watch eclipse cellular starlink mean emergency service unlikely need still
'kyhc2j4',forecast us good anywhere except maine https https
'kyhcb4m',surveillance van
'kyhcdp9',eclipse physically cause things load network increase due people communicate eclipse different earthquake natural disaster event concert load increase cell tower
'kyhcjur',look hochatown ok tourist destination infratructure way behind
'kyhcmuz',address could work
'kyhdra6',ip address assignment geolocked region service service address groundstation location doesnt matter dictate ip address assign
'kyhe89o',much wind take damage
'kyhe9cj',control seem like broad categorization know expertise theyre specifically look position entail context work automation specifically container orchestration aws host try get gauge specific areas focus youll deal
'kyheo0v',enough people network network become congest enough call go suggest area could recive visitors vast majority concentrationed along path totality population entire county
'kyhf563',responsibilities design develop manage automation project include initial factory ideation machine creation proof rate capability also architect write debug plc code
'kyhgs6l',inverter option work fine im understand comment much car involve less inverter starlink power supply starlink router vs diy dc power supply shorter cable starlink power supply starlink router photos two different configurations https https https https
'kyhgvlm',dont options app check update isnt one
'kyhi61a',could share six neighbour still great experience fraction cost
'kyhjpv1',rate plan example priority plan show data gen along gen
'kyhjuv3',congratulations new opportunity interest transparency zero experience areas id provide suggestions background back thats style give fact ive numerous interview involve hire manager senior engineer probably thing id say really generic advice id give anyone walk interview little bite confidence good thing carefully course dont want come across wrong way remember always perfectly okay dont know answer something ive make habit years extremely transparent question come something insufficient background answer sufficient precision eager learn gap show enthusiasm willingness grow learn might need little brush youd surprise many company will invest employee clearly capable enthusiastic will learn mean authority subject others might great suggestions depend company culture ive fortunate enough work company focus employee retention provide growth opportunities express sincere interest expand horizons always will invest additional train require work last years employer multiple different roles increase youve get leg educational background fantastic im school hard knock self teach ojt make way sr principal engineer lot hard work dedication best luck whatever lie ahead journey
'kyhlk0m',flo thats really helpful
'kyhm5av',time license many countrys waste cell network decades
'kyhmrrj',do use volt use boost g
'kyhmugh',lot youll priority home roam service speed test close time home sl always beat roam service least prime time
'kyhn8fo',documentation state starlink survivable network mean grind station go network continue work short period time time capable terminal terminal communications without grind station work international grind station curious science seem like robust constellation capability build cant find documentation
'kyhnboi',gon na drive tomorrow vespera
'kyhnc64',didnt think thank
'kyhntq4',hope get great shots
'kyhp0l5',mine skynet
'kyhpu54',nothing
'kyhpuqc',dont game wouldnt consider game priority power
'kyhrf8k',cancel debit card auto take get new card w keep get email say bill wasnt pay idk happen next year didnt pay early cancellation fee anything guess im wait see finally stop email cant take money without card info auto pay card notâ bankâ
'kyhrpia',update
'kyhsh2m',ping game ask friend
'kyhsq4f',fall
'kyhsqln',residential account five subscriptions dish subscription yes could add new subscription cancel subscription associate
'kyhupar',seem days geolocked
'kyhuxgm',hard wrap head around complex internal rout go essentially function giant mesh network mesh network isnt generally know low latency interest see work
'kyhy8u0',flat high performance wedge dish dish standard model without motor position dish flat high performance one cable https
'kyhybhx',source great internet discover
'kyhzb1w',last time clear obstruction map reboot dish im suggest moment consider youre get better speed right youve see months great news mention ive notice reboot let map rebuild sometimes make significant difference least location cant explain would technical perspective certainly quite update recent time like fact retain obstruction data update quirky thing ive notice occassional reboot sometimes help example clear mine reboot morning significant change performance clear frequently see less weekend especially id consider peak stream time https https
'kyi019i',question set vpn sl router need secondary one set devices individually cant find router settings sl im business plan may
'kyi0hs9',money make high frequency day traders stock exchange various commodity exchange latency everything incredibly huge amount money involve make millions dollars per day make milliseconds arbitrage get information faster talk get data exchange much get data specific exchange enough pay starlink correct ordinary home users wont notice much difference cache data servers may need nearly physically close people remote areas nearly similar network experience larger city
'kyi10p9',pole
'kyi131e',bite bullet get new one bestbuy yesterday look secondhand market people want far much unit
'kyi1puy',mean agree build administrator give roof access mount one eventually two business dishys start resell service sure starlink tos allow resell business eventually income get proper fiber pull build sell higher speed
'kyi22ww',take month
'kyi3kwv',say ill see self
'kyi4xhf',reboot every week monday
'kyi6ka9',stargate
'kyi6mb5',starlink part buy assemble manufacture new factory finish fully function
'kyi70oo',sadly still areas america pitiful result similar accept local land providers pay month two routers star align would get love starlink
'kyi77t3',know wonder reason dont show data standard service
'kyi7od4',fail secure buy new one
'kyi8tsg',idea dont know exact reason venezuela wont allow license point thus cant suggest overcome
'kyi9kue',fine see people get replace free even fault might wait
'kyi9pfb',clarification todd flat high performance wedge dish look way extend cable another least
'kyiakh2',sure option cut patch cable unless access power along run could put power supply ethernet run
'kyic5y3',three cell carriers say network hold well increase load deploy cow truck metropolitan areas many people expect starlink fair fine roam users slow ones service plan slow per starlink fair use policy mobile service plan assign unlimited amount data month customers mobile data design low demand portable use camp nomadic live mobile data assign mobile users always deprioritized compare starlink service plan result degrade service slower speed congest areas peak hours state speed uninterrupted use service guarantee highly dependent geographical areas
'kyic9fv',mean much science per suggestion go sine wave inverter
'kyicaid',residential mine ops
'kyifel1',find easter egg sick apps need stories like
'kyifod1',rheem use econet starlink problems realize people rheem never hire anyone know rf go sound soooo stupid wifi antenna tank control panel surround degrees ground metal water basically degree dead zone rotate tank panel degree window wifi source hell connect stay connect turn tank degrees right connect problem quite dumbfound stupidness
'kyiipdh',restart
'kyiiua6',service address restart
'kyijzal',satellite propel ion thrusters thrusters fuel efficient load propellant onboard satellite good years low thrust every ounce thrust rather tiny fraction take lot electricity satellite launch together pack rocket like pileof dish need time drift aparat evenly fill entire orbit km miles long moreover get launch low orbit well operational one different reason launch lower orbit take less work rocket could carry single launch rocket carry lower orbit satellite doesnt work fall back atmosphere soon doesnt increase debris orbit satellite need avoid due complex reason long explain short reply satellite orbit different altitudes slowly drift technical term precess underneath operational orbit exactly include operational orbit precess lower ones precess faster several dozen orbit starlink group single launch often aim fill satellite hang around lower orbit wait precess underneath operational one aim raise hang around wait take fuel despite high efficiency engines less fuel use better effect spread along orbit wait precession proper orbital slot slowly rise operational altitude take month
'kyik4pn',longtemps jai commander et jai eu aucun avec la douane mãªme si cest pas garanti pour tout le monde va faire ans quon la et valait absolument le coup est petit bourg linstallation de la fibre bien trop cher et avec starlink arrive ã avoir un de plus de niveau quelques mini coupures rarement mais rien de grave cest bien meilleur quorange sur tout les point
'kyiklpy',le fibre de sfr dans la oã¹ et vivrai donc pour le moment car bcp ã
'kyikwfd',im understand know appreciate start inverter solution simply didnt want mess create something minimal amount work perhaps others want build replacement power supply inverter option add bonus able charge devices far easier approach expense losses conversions bigger footprint
'kyilh5f',base location thats starlink want point
'kyim1t4',dish must
'kyimzed',thing happen work year die yesterday randomly almost go crazy reset bypass multiple time read people issue send support ticket hope next connector last longer
'kyinjvj',dont know happen starlink devices suddenly account work email lock send many email customer support service solution device
'kyino4c',still hard think connection fairly solid consider miles speed latency time
'kyiowe3',speed good either amazon stick buffer lot read â know improve look assistance possibleâ
'kyipszt',thank amaze young sir
'kyipvli',talk support change gen dish state reach us replace gen starlink kit current standard portability subscription gen kit since already pay subscription put new kit another note cable
'kyis8ta',speed funnily enough trashtra midst use french company launch leo service australia
'kyiuw8h',bogata tx
'kyiuwjd',would bother launch solar wind damage serviceable option best wait assign dish new satellite
'kyiwq39',think would helpful others say state country live people reference work best simply worth cheer
'kyiy00d',recently talk guy work high frequency trade infrastructure one well know shop say already lower latency options fix wireless microwave shortwave starlink isnt go useful
'kyiyx40',app say statistics second tab
'kyiz3e7',sunday even live right middle path campgrounds completely full live right area big recreation im go think roughly different camo store starlink system hiccup
'kyj0inn',worry metal zip tie thing rub cable otherwise congrats
'kyj19aq',status norway noe anyone use starlink norway especially trondheim north
'kyj1r86',n cat
'kyj44qh',use move around
'kyj4749',residential plan
'kyj4ir8',realize small satellite cell pretty large areas cell probably reliable fiber internet much congestion
'kyj58fy',regular mobile cost equivalent live advantage
'kyj6tn2',dishy change flatter im latitude
'kyj9pwz',say fantastic time alive thank elon love starlink service
'kyjawjq',gen get better speed latency gen
'kyjbarj',gen user connect power source dishy currently mount barn best unobstructed view way power surge trip gfci starlink contact starlink case something end end reset gfci work great wednesday today get email ship notice send system read post read cable proprietary totally different plug question keep hang sell cant keep gen easy cable work around adapter get ethernet adapter utilize way plug already exist company call stargear sell aftermarket cable look starlink would length need option ditch move system closer house use pole run cable either direction one power source barn one house
'kyjbh8c',try change service plan
'kyje9pi',central
'kyjf74e',actually around really connect cord tightly already pole kinda put outside slack around
'kyjfl1v',buy starlink plan originally ship nc bring sint maarten ip always look like atlanta
'kyjfryx',constantly speed higher obstructions
'kyjg4ra',distance go nyc hong kong always faster starlink poster talk active
'kyji9em',mate issue android
'kyjiv80',really need know starlink routers bottom light plug even dish plug
'kyjiviz',reach starlink send new dish free downside isnt latest version guess beggers cant choosers
'kyjkemq',faster shortwave
'kyjme45',might recommend bite slack cable especially two actuators
'kyjmp0r',mind dming question also live delaware want ask things purchase thank advance
'kyjn1l4',kind rear mount setup im try without roof rack
'kyjpdxi',starlink tell send generation cable instead generation need let return incorrect cable full refund well credit account month never get chance use service customer service
'kyjpgho',availability map https show country estimate availability thats anyone know
'kyjpkcb',ty
'kyjqcd2',totally make sense work would think yeah read hear people call rheem helpful reps unfortunately gal behemoth super tiny closet think able rotate go try put wifi extender right front unit via extension cord see work stay tune
'kyjqmth',id
'kyjrily',try dice
'kyjrpf6',name mine official use mobile rv setup people keep ask use every time camp
'kyjs5f3',sorry saw cost associate im im self hoster person
'kyjthvm',https passengers like alaska fly anywhere since roads state
'kyju8hh',â
'kyjvheu',lot stuff well things self host inherently require external resources like isp bond require outside service since essentially different connections data center combine one connection could check http open diy bond solution still need pay host data center nearly polish speedify otherwise without pay service get router simple failover load balance seamless bond
'kyjvx1f',cant self host fail service see say vpn another connection isnt way service like
'kyjww9c',mine everybody get chuckle find fit
'kyjx7si',international trade talk name technology travel thousands miles bypass know roadblocks vacuum short wave ill tell starlink
'kyjxkh2',exactly say end pay service simple failover failover drop lot packets likely switch
'kyjy2k7',sorry service like need data center tell general service like would impossible setup home
'kyjy9s4',absolutely travel thousands miles speed light vacuum starlink slower base path length alone
'kyjyf2p',kind wifi boaster also generation starlink
'kyjyi2w',value add subscription include prime pay play
'kyjyj4n',provider amazon prime
'kyjyugo',embark installation take entire day install house mount way overhang highest point roof yesterday begin installation turn process get work customer support useless screen door submarine go climb back ft ladder make sure cord dish plug properly
'kyjzasa',dunno must im try argumentative dont get couldnt service home
'kyjzjrx',look become new subscriber sure secure well
'kyk021h',sign globaltv need enter service provider internet provider shaw telus whatever
'kyk05tg',starlink internet service tv service service provider theyre ask whatever tv source use get television channel like belltv shaw cable rogers ignite tv etc dont tv subscriptions like would subscribe one get survivor live show stack tv extra sub pay per month extra prime video im sure tv channel
'kyk0egj',problem pay problem sign try sign globaltv stackedtv app request code get code sign service provider like telus shaw starlink list sign globaltv starlink
'kyk0gx4',starlink isnt go useful hm thats necessarily true fix wireless microwave shortwave maybe others microwave chicago nyc example issue first take wide path around lake michigan second tses watch weather constantly see rain path link adverse weather event fall back spread line also microwave lot less bandwidth fiber link prioritize shortwave bandwidth ridiculously low challenge mention manage ton tower infrastructure fcc license etc firm definitely jump citadel impressive amount radio tower us europe also fact microwave link nyc london chicago tokyo china hahahaha kid youre either use shortwave incredibly low bandwidth youre rely fiber link shortwave faster yes variance specific link city city still super low bandwidth starlink play role firm need bandwidth shortwave provide firm dont capital require maintain bunch fcc license large radio tower etc yes also opinoins disclaimer
'kyk0gzm',question globaltv starlink nothing gtv isp
'kyk0mcp',lead indicate power router however router broadcast establish ssid prove work extent possible may poor electrical contact somewhere cable circuit open conductor poorly seat connector accumulation oxidation condensation corrosion connector pin cable might fine good electrical contact count quick check issue starlink app scroll select may need select first older app release select find label cable ping drop rate https continuous continuity test measure ping lose value higher may indicate bad cable damage conductors corrosion oxidation pin wiithout electrical contact fault either cable connector within dishy router indicate disconnect circuit ie open conductor somewhere circuit provide zero electrical contact cable ping drop rate read
'kyk13cw',prime cant access stack
'kyk15s0',shouldnt need sign global app open prime app sign prime app launch stack within subscriptions stack tv include global tv content able find youre look
'kyk1aoz',speed light satellite similar orbit delta speed doppler effect dish satellite grind terminal doppler effect give orbital altitude absolute minimum transmission delay dish grind terminal ms ms process time orbital routers grind station routers pure theoretical
'kyk1p5i',subscribe stack still cant access globaltv
'kyk1xsn',snark reddit man stack still unable access globaltv
'kyk20qv',suspect devices dont sufficient log able tell decisively
'kyk21ag',need data center bond point inherently need outside home place faster reliable internet connections bond usually data center could host bond point house subject speed outages substantially increase latency triple data usage
'kyk26dm',dont know legit thats depiction holmann transfer orbit use launch vehicles mar elon confirm graphic starlink routers
'kyk29co',clear map reboot thank
'kyk2agt',tv part stack tv dont need go survivor stack tv technically stack tv own corus own global
'kyk2x5p',cant access apparently sign starlink us use canadian data get stack
'kyk32ty',slow nothing like cell service everybody mobile phone nearly many starlink imo bad go get even everyone rv already wont use starlink tomorrow eclipse
'kyk37hj',dollar general
'kyk3dij',eclipse thousands people rural areas swamp limit infrastructure
'kyk3f2l',work fast enough compensate annoy second drop think thing canada
'kyk3lnf',disappoint prime cancel stack prim get good movies series find want look
'kyk4z7z',ripoff ime experts little basic knowledge tech service order starlink directly setup idiotproof enough backend support thats free problems
'kyk5fum',awesome delete thread look less dumb appreciate help
'kyk5na0',buy mine bestbuy last year didnt get warranty havent need buy mount kit bolt awning roof amazon perfect make sure make drip loop cable dont full weight cable pull connection dish
'kyk6ne2',beaver bend near break bow
'kyk7zut',im data intensive stuff like game never notice occasional second dropouts know occur show system page lose signal reboot update otherwise seem tow load tvs stream program surveillance cams say neither service perfect bless ive never service fail time yet
'kyk8cep',app update firmware push apr coincide update morning receive update middle night go wake couple days later get another firmware push mar background back
'kyk9o0g',aside fee fee comment us operate fact base world laughable attempt make question starlink must get approval operate country operate like normal plenty countries operate simple full stop
'kyk9yp2',think maybe starlink phone provider shrink pixelate much look telus price good sales pitch much money would good security backup
'kyka7v2',comment completely irrelevant op
'kykamag',complaints
'kykawcf',provider nationalize otherwise still use heo satellite compete go fail soon sl drop area big provider basically go business service use heo satellite exclusively area absolute crap comparison see happen brics nations sign deal musk backend use sl network face customers
'kykaz8b',also doesnt anything tap update restart manually also didnt take care hop update automatically tonight
'kykb1mp',screw dish buy extra mount equipment https https
'kykbbgm',understand monitor sub starlink support terrible take two weeks get response let alone part
'kykbdit',work great
'kykbhx4',churn data little years use original hardware router recently upgrade deco
'kykcjec',necessary read c starlink
'kykdezl',plan constellation leo directly compete starlink kuiper
'kykdmng',go bolt stump back yard cable run house
'kykdrz1',years gen rev still roll along lately better ever
'kyke8n0',gen hammer away years still get amaze speed never drop worst time back mbps upload ms latency also spare poe ship back stop manufacture gen incase mine ever fail havent need ever swap yet thankfully gen best dish make reason need perform good beta could positive review show world starlink perform go public
'kykf9yz',would make expense set constellation musks ready go would make sense make nationalize provider reseller brand use starlink network
'kykffpj',first take wide path around lake michigan seem fix wireless tall tower ought able get lake far even go around wouldnt far detour space back shortwave bandwidth ridiculously low yes theres essentially unlimited bandwidth milliseconds behind via fiber amount bandwidth need shortwave link carry really much time sensitive information example could simply send single integer index choose one option gigabyte array predictions send ahead time milliseconds ago also starlink isnt useful hft much less bandwidth fiber also higher latency shortwave narrow window medium bandwidth extreme distance medium latency need would actually fit starlink im sure anything really fit firm dont capital require maintain bunch fcc license large radio tower etc yeah maybe theres niche people cant afford radio infrastructure
'kykg1ti',get round dishy still function great
'kykh7ac',one reason think get extend warranty doubt anyone bestbuy could fix issue might able replace would wait weeks get replacement anyways
'kykhkfb',gen never miss beat
'kykhsrw',gen get faster every year
'kykjc11',think way im go see ping oversea servers
'kykk3vh',extend couplers outside
'kykk5uh',original gen beta still go strong several harsh winter strong thunderstorms smoke wildfires ive clean surface terminal twice particular reason preventive maintenance
'kykkefz',round dish party router
'kyknpk9',aggregation theyd rather data come us base starlink
'kyknpu4',leo service
'kyko2h2',control people actually see see china russia etc allow users view content uncontrolled
'kykq7yd',dishy home make ridgemount concrete slabs haul home make sled pulley system
'kyks09l',season start june
'kyksdav',gen single issue
'kykserl',solid since sept
'kyksvnt',https https seem work norway
'kyktvka',run since early beta always use routers
'kykvjbk',people live rural areas non service areas first see speed come starlink like get hit bolt lightning absolute best options situations happier experience starlink tbh
'kykychb',youre neck woods pm question far fairly quiet around
'kykywqz',know one simple request shark fricken lasers beam attach head
'kykzuxn',star ghz death star ghz
'kykzvy1',think overestimate much influence satellite internet launch active satellite starlink unable provide mbps everywhere us share market densely populate countries satellite internet would run capacity even lower market share exactly go influence single digit market share prediction ccp wont subsidize launch small constellation satellite similar oneweb continuous coverage use mostly military critical infrastructure backup government police etc mobility dont need residential satellite internet internally ccp want fiber internet everywhere utility pole setup china basically everywhere electricity available make happen pricey rollout long run years fiber cheaper satellite even rural areas dont need large satellite constellation internally
'kyl0cj0',mine days ago due personal circumstances round dishy never drop beat whilst lovingly take wife put somewhere dry safe life changer
'kyl2f74',complex send comment able read second later think youre put much stock add complexities network come starlink
'kyl2kve',map work still buy try think issue
'kyl2qth',however id give cable little slack
'kyl2tcf',mine faulty seemingly non replaceable poe adapter thingy weeks ago rip still get unit
'kyl344y',still go strong custom router
'kyl4124',want pair bond two interfaces computer easy require two physical interfaces work locally computer find ancient router lacp juniper mx series instance would
'kyl4ag6',datarates shortwave likely way low support need source long time amateur radio operator focus digital modes hf mf
'kyl5aqd',use shortwave isolation though essentially unlimited bandwidth fiber milliseconds later shortwave doesnt need send much example could pick best predictions send advance fiber something like hardly need bandwidth
'kyl5odr',eat bag dicks starlinks still impressive technologically
'kyl63lv',part need available store bring back radioshack please
'kyl64j0',customer report rock solid ever since never even issue
'kyl67nz',mine service currently turn reason itll go back service backup wan need
'kyl67z2',feel like need maker store ever anyone start could make world better place makers think dm
'kyl6exp',could call maybe
'kyl6nkm',destinations advertise aaaa resource record dns actually listen address operate network gateways cope destinations sometimes find destinations advertise aaaa record one home knock generally track network operations contact via whois record address block domain let know
'kyl6qg0',unit function like reliable sturdy
'kyl6twq',use mine clock
'kyl70sv',live road moderne people would call digital nomad say somewhere month month half place mostly whatever little european wilderness leave couldnt without starlink also solar power battery mean havent lose connection work
'kyl92bn',go ahead cut cable ask starlink unit may shorter cable due power requirements output power supply losses longer cable compare specifications two units may cat braid foil shield foil shield twist pair specifcations also show cable https https
'kyl950e',speedtest
'kyl9pqw',unifi dream machine pro still go strong
'kyl9trk',remove rental option residential connections uk business
'kyl9vml',aus still thing accord advert
'kylat26',queensland australia complaints
'kylbfvc',work great new gen still box case gen fail
'kyldehi',suspect become available political issue settle
'kyldfcy',zealand since zero issue solid rock
'kyldn36',get middle move new house amid chaos move forget secure even roof yet fell foot enough break dish contact starlink yesterday explain fault reply say send new one completely free
'kylfyof',get ta try
'kylhmy5',starlink app adapter sell around usd kenya know markup
'kylkdt8',think ios thing atm
'kylkjo1',live middle nowhere uk service cable lay starlink combine deco get incredible speed
'kylknam',kenya use starlink dishy roof app say obstructions speed good around ghz like mbps measure http however latency always play fortnite middle east servers get starlink europe ping lower middle east middle east shoot ping switch isp ping lower like middle east please help
'kylkztm',recent version starlink app ability selectively pause internet access device
'kylm0pw',nachowifi
'kylnt8b',never intend provide service everywhere intend provide mbps service areas serve fiber poorly serve cellular coverage succeed reduce far effectively rdop program enact purpose hijack fiber suppliers improve inner city suburban service gigabit ignore dsl wisp areas receive mb internet worldwide already capable give remote areas service affluent metropolitan areas come expect although never able get significant penetration congest areas unless cities us fiber suppliers incompetent greedy customers turn anything else reason ccp launch compete constellation pressure nations use exclusively filter content probably ai censor currently within border
'kylntv6',rent mine cable break get new one send week pay cent sure luck work experience far edit also australia
'kylo05u',beta tester original work fine snow melt solid reposition regularly slightly solid product
'kylocn1',thats stupid
'kylqzpl',reply forget cable change end buy gen best buy bite effort able add new unit account stop old one go see get apply recent payment new unit thank share
'kylrf3o',somme positif non si je ne trompe pas leur politique officielle surtout de combler les zone sans fibre voir sans adsl pour vivant dans une grande ville avec admettons plein de clients starlink autour de lui ce serait un souci par contre si les voisins en campagne sur les quelques kms ne sont pas clients il ne devrait avoir aucun bridage au final ce que le sav semble dire ici si je lis bien
'kyls1ml',untouched since jan zero issue thank sl hucking constant stream new sats speed greatly increase well buy gen back sale cdn backup still bench wait get game
'kyltez9',since apr single issue ever
'kyluvj2',well still go strong february
'kylvcxt',march fiber come summer though sadly say goodbye
'kylwoi0',lucky winner drop rate great really tho could still router cable dish crappy design company land rocket boosters move ship also still support guess order router cable see happen hopefully dishy hope starlink return policy
'kylww03',fix first unplug starlink router prevent check full length cable serious abrasions insulation damage crimp crush cut etc may sever conductor inspect connector receptacle bend break burn pin consider application quick spray electrical contact cleaner https side connection end cable eliminate oxidation buildup consider apply light coat dielectric grease https help protect connection future moisture condensation oxidation corrosion etc ensure connectors properly align securely reseat https finally certain secure cable structure within short distance connector slack length cable drip loop recommend provide strain relief connection also prevent act cable potentially cause excess tension unseat connector present temporarily remove starlink ethernet adapter hardware circuit may culprit perform factory reset cut power router time row reasonably quickly power router connect device starlink default ssid follow setup prompt app cable continuity test continue fail proactive investment spare part need continue troubleshoot ultimately pay swap first spare cable fail continuity test next spare router starlink mesh router good option fail continuity test finally full replacement kit send starlink spar available situation become totally reliant proper communication starlink support via submission ticket describe current symptoms troubleshoot step take bullet form hopefully engage bot obtain necessary replacement preempt delay starlink often require attachment upload follow digital photos face starlink dish cable connect mast dish cable connect base router include power lead router ac cable connect power source perhaps cable ping drop rate meter debug data
'kylx78y',years weeks ago party router stop work sl router connect work without issue fix meantime im back vacation yet check
'kylxurt',grind station give gps location satellite base satellite could decide allow grind station get connect internet
'kylxwz9',device imiss number outbox damage pleas advise allâ serial number
'kylyr4e',see post happen seem issue affect gen mine stop work days ago support still hasnt resolve issue
'kylys46',actually resell starlink incase youve loop https https
'kylz5ne',since still go strong even salty air
'kylzaut',years tower problems far
'kylzpkk',wonder buy gen kit
'kym1tyg',year post hillsboro county wonder get starlink better comcast xfinity think might better option esp since power go often
'kym21zj',two address different countries fly move hardware around country setup different location could useful near future intend move back country
'kym5s3b',slate ax router box work great issue change need
'kym66aq',work
'kym7lvy',starina bird cage mother barn barn watch horse really need game barn
'kym9ccn',question orbi orbi series satellite crazy nothing problems starlink gen finally figure need put switch orbi starlink actually talk however last weeks every single week week take everything reset entire system come many light lamps become quite irritate issue
'kymatc6',hughesnet live far expensive data cap latency high get job work remotely goal hear starlink today would cost get setup monthly payments would half unless get business plan equipment fee thousands monthly bill im pay hughesnet question know starlink acceptable latency meet ping requirements company work remotely dont want spend money switch find still wouldnt able use get remote
'kymbdqp',great ditch router though
'kymbgba',aware oneweb venture ironic
'kymbyta',date jan
'kymc49a',birthday feb party router since day
'kymd1v5',low bandwidth incredibly unreliable base space weather aka activity sun actual weather even crazy things like volcanic activity use world war ii global communication available time beside undersea cable besides short hop english channel wasnt practical cable lay ship wartime even plenty cable put prewar years shortwave travel atmosphere speed light air im curious limitations overcome application need high bandwidth beyond send market index
'kyme185',exist call microcenter
'kyme29j',starlink traffic brazil go two pop brazil brazil filter traffic require starlink use laser link move traffic away need another constellation filter traffic apply countries point unable provide mbps everywhere us criticize starlink highlight tiny capacity satellite internet provide
'kyme2i9',stuff looove technical insights like heck rout protocol work use anything need time settle since change pretty quickly sound like mostly somehow settle quickest first available path grind traffic
'kymel0z',many many case starlink supprt respond within hours ship complete replacement kit many us positive experience never hear
'kymeo53',solid issue
'kymhw4t',use microscope look cable end go dishy mush bend pin everything happen assume slight movement wind ect cause say heater cause anyhow hope dishy end good mess order new cable along new router case something get burn cant wait another shipment case damn cdn pesos
'kymix62',consider since starlink quietly bump weather resistance rat https generation kickstand kit mean totally submerge one meter water long minutes potential damage significant improvement cable connector reliability weather condition perhaps buy followup starlink get back run sell starlink items recently sell ebay https limit search items
'kymlosq',great minor hiccup release bad firmware recent issue party routers
'kymlucs',must clear view sky get app find spot obstructions good spot starlink wilk work get up
'kymmaz6',practically unlimited bandwidth fiber milliseconds later shortwave need send bite time critical information example could pick one gigabytes worth predictions send ahead time milliseconds prior
'kymmkuk',rural reasonable terrestrial options internet starlink huge many us amaze gain access technology often viable choices pleasantly impress overall performance starlink dish coordinate phase array use small antennas create need track one small satellite move across sky kilometers per hour kilometres overhead nearly instantaneously switch next available satellite technology amaze uptime surprisingly reliable number daily report network statistics mainly occasional slight glitch signal swap satellite occasionally encounter obstacle generally noticeable typical internet usage however cause sufficient latency annoy competitive gamer snow rarely problem feature engage rain may cause short outage speed vary considerably valiantly track one low earth orbit satellite switch next general good stop bother constant speed test generally issue even noticeable latency generally well vastly superior internet click location webpage https select display download speed upload speed latency metrics indicate range percentile real user data plan peak local hours mean probability experience result peak period closer probability lower demand periods speed often percentile contract sign hard soft data cap throttle starlink reserve right curtail extremely excessive data usage customer support limit submission support ticket describe symptoms trouble support appear limit staff response ideal generally reasonably quick responsive often result replacement items send free charge investigate sufficiently clear view satellite paths load starlink app follow check obstructions tool within app determine reasonably location disappoint return hardware within days refund hardware price starlink term service also state timely return starlink kit also refund first service fee
'kymmmd1',guess simple similar hole tree north carolina mountains starlink flag pole flagpole adapter starlink fit flagpole dish locate necessary satellite hole say could disturbance signal every minutes see hiccup signal performance three months use internet tv access dish lower flagpole grind
'kymmpe6',thank need get complicate wire systems set case rip plug wall socket head
'kymmwl1',happy hear motorhome depend entirely verizon hotspot internet speed usually superior starlink depend signal strength also access gudp grandfathered unlimited data plan use whatever want without deprioritization etc get difficult keep
'kymncuz',factory router seem limit range least place
'kymne3k',walk starlink router power say doesnt work hand one obviously cant test store specifically access extend warranty im interest hear procedure
'kymoa2y',great course like another say get app check obstructions coverage much use fine starlink quite reliable us course always problems pretty rare return undamaged full refund within days unacceptable
'kympzpr',wonderful surprise things turn well
'kymq7iz',removal useful info http still go strong
'kymqyzq',app work without purchase login
'kymr1hk',answer question itll cost plus mount options front plus per month youll install get good open view sky itll work fine
'kymrsd2',obstruction test account order sl test
'kymru28',sky scan buy mine
'kymrxri',beta tester still rock go sad day need replace go get rest yard build internet quit soon
'kymsykb',billionaire borrow even help think experiment free
'kymtpd8',hasnt exactly prove politically neutral actor seem think player international stage level unreliability would absolutely unacceptable world power design critical infrastructure
'kymvz18',think try thing face issue delivery big problem
'kymy4vq',cloudy choctaw land charge truck might bust
'kymyj8m',think bond do via vpn
'kymz6kz',aws location office kenya joburg london zscaler awful think lagos close despite traffic kenya nigera rout via marsellie best often via london nairobi london via starlink would theory rtt rather currently get via fibre nairobi lagos rather sadly starlink symmetrical
'kymzk5c',need send yes maybe bits stock ticker information low bandwidth doesnt matter
'kymzvk9',far less complex nntp use
'kyn14t0',sun play peekaboo south idabel ive get finger toe cross
'kyn1urb',like post last month https want make version show huge disparity starlinks vs everything else data visuals https https full disclosure free tool amaze spacex also kind crazy unprepared lot people huge uptick satellite government add quickly find way add satellite number https lot tool still try get update cant load new data
'kyn2b86',usually four ways obtain ip address static ip address dhcp address almost every router available purchase use dhcp default work give lease every certain range set either manufacturer user lease usually set hours default router dhcp server end lease period send arp request associate hardware address assign still device correspond respond arp request dhcp server router renew lease ip address configure otherwise otherwise device respond arp request lease expire grab new device join network devices also remember assign lease periods hence certain devices network ip computers ip address could reassign new device assign new
'kyn2cxr',need set static address lan sure starlink router capable basically every time router reboot dhcp pool reset devices boot request new address another option could try set ip address printer always get address
'kyn4eeq',expand mean take everything remediate symptoms see go roll reboot cant get ip address devices orbi talk fix reboot starlink system well orbi use starlink router addition orbi
'kyn5miv',gon na remove gear want connectivity
'kyn6syh',markup pay rocket ship lol dont know really rip agree ethernet port include router like every network device world happen find one use online definitely buy cheaper im sure see price high though canada canadian dollars ship plus tax though like
'kyn7b07',thing dont like image big satellite compare earth nothing really without make difficult possibly impossible see type examples starlink sit roughly size medium size city
'kyn7x3j',get feel tased bring airport look like try bring plane otherwise look cool love portable design encase everything one unit affect speed connectivity
'kyn8cey',starlink logo thats kinda annoy really like local portal
'kyn9vqx',enough make bigger exact concern originals much scale https https bite hard see
'kyna2vq',still wait well
'kynfhxa',billionaire stupid ask sell service russia clearly average average idiot
'kynftn3',aware free money free money
'kyng592',would purchase country available account base country would use subscription use country
'kynjmej',mast certainly make huge difference use tripod telescope mast https https work perfect box gen add stainless steel tube starlink pipe adapter retrofit gen https https
'kynkkvf',post identify community need moderator review temporarily remove moderator review please dont panic message moderators immediately may take hours view post havent hear us within hours may message mods link thank understand bot action perform automatically please contact moderators subreddit question concern
'kynklw6',countries confirm work unofficial starlink service https kit successfully activate plan nearby country starlink actively serve https set kit new country confirm work unofficial starlink service https continue enjoy mobile service maintain bill payments original country require valid local address officially serve country address deem valid acceptable method payment local currency actively serve county many workarounds https successful starlink mobile roam topic https state mobile service plan available land use within service require land use another continent continents map https
'kynkoay',post remove violate rule post clear link starlink
'kynlxj5',absolutely worth dont want add bulk inverter big starlink power supply https https vs https https
'kyno0i0',image like add fuel soon wont able see sun brigade lol
'kyno3z8',find issue netgear orbi orbi nothing issue year look change gen starlink
'kynocsd',great job let alone properly balance connections put asus back fantastic
'kynoj55',asus product use
'kynowd0',strip use without articulation
'kynp40r',attitude
'kynq586',take mean every device stop work although sl connect bridge mode orbi connect reboot orbi alone reboot sl orbi unplug plug different order include unmanaged switch nothing work know double nat honestly drop without bridge mode also frustrate think orbi would straight plug play w sl hours research find need unmanaged switch even talk sl netgear customer support useless originally set clue
'kynqgxq',go factory reset back orbi set new detect old network name sometimes devices detect pick work others instead true factory reset
'kynr84n',know thank also new river think switch starlink tmobile internet nothing issue along full days without internet sound like would good
'kynrd2j',look asus ai exactly connections go right mind ask picture could show back starlink asus
'kynrf43',sometimes even work better flat https modify flat car mount
'kynrgqs',bridge mode use starlink router asus router despite double nat
'kynryy6',outage line cgarts look unstable need consider remove adapters replugging cable make sure power supply stable
'kyns36y',gen dish install day still go strong northern california replace dsl freshtomato asus router
'kyns396',sneaky
'kyns5g6',model ai compatible family
'kynsai6',thats nice ping gen location
'kynu2u0',would unspeakable things latency
'kynwwhp',vpn service aws
'kynxdrl',screeners see ive travel often weird electrical items im surprise infrequently ask look stuff usually screener make weird face get bag second later realize none dangerous send easily spot difference starlink
'kynxj92',think owner face issue slow dowload speed outage
'kynyg1h',need show world
'kynyrdt',normal starlink mine low high consistently around
'kynz06o',wish normal im constantly spike ms every minutes always rate prob always
'kynz9m3',see much faster actually true data travel faster space fiber still go true point point connection data rout numerous satellite travel one continent add small amount latency per satellite course also latency travel grind station satellite vice versa
'kynzafx',last major electrical item ship airport ton ethernet cable massive network project old client security rip box apart check every last cable throw back send everything tangle mess box longer useable afterwards long time ago though maybe get better
'kyo0ft7',customer mine constantly sooo allure
'kyo0nmv',consider lucky use around january go great speed also drastically improve get august
'kyo0o5x',try set exact method show seamless failovers already although part see loss minute window also hop lead false ban call
'kyo3bmv',turn touch go mins start totality cloud clear get watch minutes totality cloud move back pretty much stay cloudy amaze
'kyo4bm7',crowd didnt get nearly bad predict starlink work great lucked cloud move way min start totality get see minutes totality move back awesome
'kyo5qde',use four starlink connections business pretty much look like sure unhealthy appear normal starlink x years
'kyo619n',wow ok thats likely due anything relate starlink id work netgear support nothing factory reset often
'kyo67wy',use primary starlink bypass mode node connect quite well bridge routers rare time need reboot router part solid https
'kyo6y2o',long long time use sort remote desktop software routinely manipulate data mysql rds instance access ssh tunnel instance responses query dont seem noticeable delay
'kyo80qk',know starlink starlink network still visible connect everything run great phone tv powerful enough go far enough use without use mesh network unfortunately buy orbi directly netgear october cover anything
'kyoa0c7',nice write ip address assignment one correction dhcp lease renewal dhcp lease renew client remain lease renew lease expire device renew lease expiration dhcp servers dont poll devices see still alive however implementations windows dhcp server ping ip confirmation assign sure use
'kyoadfr',think bank massive amount satellite orbit longer need fine tune dish longer
'kyoc9x7',practically unlimited bandwidth completely miss unreliability transmission capacity good enough perform task work effectively penny pinch brokerage firm may good enough competitors use starlink wipe tear make big move instead get arbitrage miss penny pinch brokerage firm also something ask none competitors go admit make sort investment harden grind station mere consumer mcdishy terminals starlink would legitimately consider trade secret assure happen regardless friend suggest need
'kyocj3o',normal arent many starlink pop africa one nigeria zambia far hence higher latency starlink look open point presence mozambique see latency drop
'kyocrtq',thing give realize starlink much bufferbloat mean link less bandwidth still responsive would surprise little sustain bandwidth actually need online activities sensitive latency bandwidth web server service request outside specific need like large file video model latency jitter way important starlink really good get better
'kyod833',mini release
'kyodb1k',rent spain bring router meter cable go satellite router power cable router satellite base flat surface want buy base adaptation tube brand starlink seem excessively expensive buy base clamp attach tube hook satellite aliexpress pretty good fortunately scar meter cable reach enough roof second floor window need drill wall place kind cap embellisher outer inner wall also aliexpress directly starlink go crazy sell remember correctly wifi arrive well everywhere room much comment second floor corner window live room obstructions second floor arrive enough firetv think buy second hand since seem rent separately seem absurd many people buy decide place rental option
'kyoewab',worst thing configure router different password different network always allow separate use password allow modify network segment allow set fix ips mac deny seem like something expensive time dont let anything do watch videos tutorials seem let doesnt dont option download speed near router acceptable buy adapter connect router via warn come rental also cost apart seem like purchase tesla buy things piece
'kyof0bd',get see clearly totality couldnt get picture telescope couldnt lock onto sun due cloud
'kyof5od',gen dish orbi work fine nothing ethernet cable however completely different setup difference generation aux ethernet port starlink router plug orbis wan port starlink router give orbi ip address space orbi hand ips space double nated still get pretty good speed iirc gen dish use special ethernet adapter neighbor help set didnt switch starlink router something unique orbi require switch
'kyofb1r',high latency location infer laser link perhaps refer location https expect latency metrics metrics indicate range percentile real user data plan peak local hours example much africa starlink traffic rout via lagos nigeria starlink pop connect network
'kyofcsz',available
'kyofumy',must miss memo spacex put cameras things
'kyoghtp',island
'kyoh05d',im get zambia edit isp use get liquid fiber good day
'kyohxin',op exactly situation except dsl week outages every month two year internet half time remove large tree around homr place dish atop section tree trunk leave stand next home im dense forest flawless service unless rain extremely hard
'kyoi4yb',ask obstruction map look like look like lot signal degradation light enough disrupt connection enough possibly slow increase response time move mine house meter high post driveway dig trench instal conduits since interruptions get one starlink network thankfully pretty rare
'kyoj1x3',mini dish come
'kyojo58',biggest issue starlink capture multiple business connections totally interest even though big slice suck get money without devalue consumer price
'kyok0m5',monitor spacecraft health dont require license disclosure cfr b https instrument use primarily mission assurance technical purpose include limit navigation attitude control monitor spacecraft health separation events payload deployments traditional star trackers sun sensors horizon sensors shall subject part
'kyokdo3',express concern privacy license comment thank idea spacex put something cool
'kyololj',everyone order today
'kyopaks',update
'kyopdln',could access cameras
'kyopfan',sorta like point
'kyos4tq',work log industry
'kyotxjs',sentiment elon cool ca make follow rule everyone else covid vengeful ever since hes thin skin well dissappointed elons damage behavior starlink best option impressive
'kyov0h7',north stockholm friend vasa also decent speed sure exactly fast though
'kyn2b86',usually four ways obtain ip address ê static ip address ê dhcp address ê almost every router available purchase use dhcp default work give lease every certain range set either manufacturer lease usually set hours default router dhcp server end lease period send arp request associate hardware address assign still device correspond respond arp request dhcp server router renew lease ip address configure otherwise device respond arp request lease expire grab new device join devices also remember assign lease periods hence certain devices network ip computers ip address could reassign new device assign new
'kyn9vqx',enough make bigger exact concern originals much scale https https bite hard edit space really big dot move around intersect fashion hard convey still picture crowd especially dot scale
'kyna2vq',iõm still wait well
'kynftn3',aware free money free money
'kynklw6',countries confirm work unofficial starlink service https ê kit successfully activate plan ôhome addressõ nearby country starlink actively serve https set kit new country confirm work unofficial starlink service https continue enjoy mobile service maintain bill payments original country ê require valid local address officially serve country address deem valid acceptable method payment local currency actively serve county ê many ôcreativeõ workarounds https starlink mobile roam topic https state òregional mobile service plan available land use within continentó ê service require land use another starlinksõ continents map https
'kynocsd',didnõt great job let alone properly balance connections iõve put asus back fantastic
'kynowd0',strip use without articulation ê edit research
'kynq586',take mean every device stop work although myê sl connect bridge mode orbi connect reboot orbi alone reboot sl orbi unplug plug different order include unmanaged switch nothing know double nat honestly drop without bridge mode ê itõs also frustrate think orbi would straight plug play w sl hours research find need unmanaged switch even talk sl ê netgear customer support useless originally set clue
'kynqgxq',go factory reset back orbi set new detect old network name sometimes devices detect pick work others wonõt instead true factory reset
'kynrd2j',look asus ai exactly connections go right donõt mind ask picture could show back starlink asus
'kynrf43',sometimes even work better flat https modify flat car mount
'kynryy6',outage line chart look unstable need consider remove adapters replugging cable make sure power supply stable
'kyo0nmv',iõll consider lucky use around january go iõm itõs great speed also drastically improve get august
'kyo0o5x',iõm try set exact method show seamless failovers iõm already although part see loss minute window also hop lead false ban call dutyé
'kyo67wy',use primary starlink bypass mode node connect quite well bridge routers rare time need reboot router part solid https
'kyo80qk',know itõs starlink starlink network still visible connect everything run great phone tv itõs powerful enough doesnõt go far enough use without use mesh network unfortunately buy orbi directly netgear october cover anything
'kyoa0c7',nice write ip address one correction dhcp lease dhcp lease renew client remain lease lease expire device renew lease dhcp servers dont poll devices see still alive ê however implementations windows dhcp server ping ip confirmation assign sure also uncommon dhcp client send arp request confirm ip use accept dhcp offer
'kyocrtq',thing give realize starlink much bufferbloat mean link less bandwidth still responsive would surprise little sustain bandwidth actually need ê online activities sensitive latency bandwidth web server wonõt service request outside specific need like large file video model latency jitter way important starlink really good get better
'kyodb1k',rent spain bring router meter cable go satellite router power cable router satellite base flat surface want buy base adaptation tube brand starlink seem excessively expensive û buy base clamp attach tube hook satellite aliexpress û pretty fortunately scar meter cable reach enough roof second floor window need drill wall place kind cap embellisher outer inner wall also aliexpress û directly starlink go crazy sell û remember wifi arrive well everywhere room much comment second floor corner window live room obstructions second floor arrive enough firetv think buy second hand since seem rent separately seem absurd many people buy decide place rental option
'kyoewab',worst thing configure router different password different network always allow separate use password allow modify network segment allow set fix ips mac deny seem like something expensive time dont let anything do watch videos tutorials seem let doesntê dont option download speed near router acceptable buy adapter connect router via warn come rental also cost apart seem like purchase tesla buy things piece
'kyofb1r',high latency location infer laser ê perhaps refer location https expect latency metrics indicate range percentile real user data òstandardó plan peak local hours ê example much africa starlink traffic rout via lagos nigeria starlink pop connect network
'kyohxin',op exactly situation except week outages every month two year internet half remove large tree around homr place dish atop section tree trunk leave stand next home iõm im dense forest flawless service unless itõs rain extremely hard
'kyoi4yb',ask obstruction map look like look like lot signal degradation light enough disrupt connection enough possibly slow increase response move mine house meter high post driveway dig trench instal conduits òfunó since interruptions get one starlink network thankfully pretty rare
'kyok0m5',monitor spacecraft health dont require license disclosure cfr b https instrument use primarily mission assurance technical purpose include limit navigation attitude control monitor spacecraft health separation events payload deployments traditional star trackers sun sensors horizon sensors shall subject part
'kyozdtn',pop traffic join internet do grind station traffic dish satellite grind station pop internet
'kyozfqe',like due party router issue starlink cause fix week ago get one update last week everything return back normal
'kyp00xt',work
'kyp0gdh',come back say nothing asus router bad cable end wild goose chase make cable get tester test every cable even ones test cable replace bad one make bad lol sheesh
'kyp0l08',hear im try move back east texas look isp besides hughesnet barf one downside area lack internet providers seem starlink readily available
'kyp0lfn',pc wifi capabilities could connect ethernet use speedify bridge speed sure would efficient would solve packet spike issue think experience starlink warzone let know
'kyp1y4r',pretty good overall certainly miles better rural providers bite diy since support pretty hit miss doesnõt bother itõs decent option sure
'kyp2mds',yeah im excite try ill set parent finally face time without look like slide show lol get plenty handymen family diy issue try game thats probably one thing im expect work mainly play online game use use mobile hotspot game without issue wonder east texas starlink
'kyp5aew',spare everything except dish
'kyp7qwt',mine years update slow connectivity didnt wait stabilize send ticket send gen dish free month free service havent put yet tho original great
'kyp8qpp',better late itõs always especially peak hours theyõve improve network lot past youõre go largely mercy however busy cell people super lucky lower density others much biggest issue game lack nice flat ping starlink tend bounce fair bite noticeable game generally good enough game pretty amaze
'kyp9coi',mine stay around low highest love better windstream
'kypa0yi',pretty cool look circle shadow spot hole moon space station
'kypb7ql',never able test issue relate motherboard crap time replace mobo trial run havenõt get around try
